<?xml version="1.0" encoding="utf-8"?>
<!--/1070859/810768/2.50/29/4/Integrated Circuit/-->
<quadcept_library>
  <setting unit="mil" />
  <textstyle name="Default" height="47.244094488189" strokewidth="7.8740157480315" charwidth="47.244094488189" />
  <textstyle name="Dimension" height="19.6850393700787" strokewidth="0" charwidth="19.6850393700787" />
  <textstyle name="H127W0635TH00762" height="50" strokewidth="3" charwidth="25" />
  <textstyle name="H15W15TH02" height="59.0551181102362" strokewidth="7.8740157480315" charwidth="59.0551181102362" />
  <padstyle name="r190_80" surface="True" plated="False" isvia="False" nopaste="False" nomask="True" complex="False" holesize="0">
    <padshape layer="TOP" shape="rectangle" width="31.496062992126" height="74.803149606298" />
    <padshape layer="TOP_SOLDER_MASK" shape="rectangle" width="39.370078740157" height="82.67716535433" />
    <padshape layer="TOP_SOLDER_PASTE" shape="rectangle" width="31.496062992126" height="74.803149606298" />
  </padstyle>
  <padstyle name="s370" surface="True" plated="False" isvia="False" nopaste="False" nomask="True" complex="False" holesize="0">
    <padshape layer="TOP" shape="square" width="145.66929133858" height="145.66929133858" />
    <padshape layer="TOP_SOLDER_MASK" shape="square" width="153.54330708661" height="153.54330708661" />
    <padshape layer="TOP_SOLDER_PASTE" shape="square" width="145.66929133858" height="145.66929133858" />
  </padstyle>
  <footprint name="ATWILC1000MR110PBT" originx="0" originy="0" pickpointx="0" pickpointy="0">
    <pcbpin number="1" name="29" style="s370" originx="-19.094488188976" originy="-180.70866141732" rotation="90" />
    <pcbpin number="2" name="J1" style="r190_80" originx="289.96062992126" originy="-322.44094488189" rotation="90" />
    <pcbpin number="3" name="J2" style="r190_80" originx="289.96062992126" originy="-282.67716535433" rotation="90" />
    <pcbpin number="4" name="J3" style="r190_80" originx="289.96062992126" originy="-242.67716535433" rotation="90" />
    <pcbpin number="5" name="J4" style="r190_80" originx="289.96062992126" originy="-202.67716535433" rotation="90" />
    <pcbpin number="6" name="J5" style="r190_80" originx="289.96062992126" originy="-42.67716535433" rotation="90" />
    <pcbpin number="7" name="J6" style="r190_80" originx="289.96062992126" originy="37.322834645669" rotation="90" />
    <pcbpin number="8" name="J7" style="r190_80" originx="289.96062992126" originy="77.322834645668" rotation="90" />
    <pcbpin number="9" name="J8" style="r190_80" originx="289.96062992126" originy="117.32283464567" rotation="90" />
    <pcbpin number="10" name="J9" style="r190_80" originx="289.96062992126" originy="157.32283464567" rotation="90" />
    <pcbpin number="11" name="J10" style="r190_80" originx="-289.96062992126" originy="77.322834645668" rotation="90" />
    <pcbpin number="12" name="J11" style="r190_80" originx="-289.96062992126" originy="37.322834645669" rotation="90" />
    <pcbpin number="13" name="J12" style="r190_80" originx="-289.96062992126" originy="-2.6771653543307" rotation="90" />
    <pcbpin number="14" name="J13" style="r190_80" originx="-289.96062992126" originy="-42.67716535433" rotation="90" />
    <pcbpin number="15" name="J14" style="r190_80" originx="-289.96062992126" originy="-82.67716535433" rotation="90" />
    <pcbpin number="16" name="J15" style="r190_80" originx="-289.96062992126" originy="-122.67716535433" rotation="90" />
    <pcbpin number="17" name="J16" style="r190_80" originx="-289.96062992126" originy="-162.67716535433" rotation="90" />
    <pcbpin number="18" name="J17" style="r190_80" originx="-289.96062992126" originy="-202.67716535433" rotation="90" />
    <pcbpin number="19" name="J18" style="r190_80" originx="-289.96062992126" originy="-242.67716535433" rotation="90" />
    <pcbpin number="20" name="J19" style="r190_80" originx="-289.96062992126" originy="-282.67716535433" rotation="90" />
    <pcbpin number="21" name="J20" style="r190_80" originx="-215.15748031496" originy="-427.5590551181" rotation="0" />
    <pcbpin number="22" name="J21" style="r190_80" originx="-95.157480314959" originy="-427.5590551181" rotation="0" />
    <pcbpin number="23" name="J22" style="r190_80" originx="-55.15748031496" originy="-427.5590551181" rotation="0" />
    <pcbpin number="24" name="J23" style="r190_80" originx="-15.15748031496" originy="-427.5590551181" rotation="0" />
    <pcbpin number="25" name="J24" style="r190_80" originx="24.842519685039" originy="-427.5590551181" rotation="0" />
    <pcbpin number="26" name="J25" style="r190_80" originx="64.842519685039" originy="-427.5590551181" rotation="0" />
    <pcbpin number="27" name="J26" style="r190_80" originx="104.84251968504" originy="-427.5590551181" rotation="0" />
    <pcbpin number="28" name="J27" style="r190_80" originx="144.84251968504" originy="-427.5590551181" rotation="0" />
    <pcbpin number="29" name="J28" style="r190_80" originx="184.84251968504" originy="-427.5590551181" rotation="0" />
    <line layer="TOP_ASSEMBLY" originx="-289.96062992126" originy="-427.5590551181" endx="289.96062992126" endy="-427.5590551181" width="7.8740157480314" />
    <line layer="TOP_ASSEMBLY" originx="289.96062992126" originy="-427.5590551181" endx="289.96062992126" endy="427.5590551181" width="7.8740157480314" />
    <line layer="TOP_ASSEMBLY" originx="289.96062992126" originy="427.5590551181" endx="-289.96062992126" endy="427.5590551181" width="7.8740157480314" />
    <line layer="TOP_ASSEMBLY" originx="-289.96062992126" originy="427.5590551181" endx="-289.96062992126" endy="-427.5590551181" width="7.8740157480314" />
    <line layer="TOP_SILKSCREEN" originx="289.96062992126" originy="427.5590551181" endx="-289.96062992126" endy="427.5590551181" width="3.9370078740157" />
    <line layer="TOP_SILKSCREEN" originx="-289.96062992126" originy="427.5590551181" endx="-289.96062992126" endy="427.5590551181" width="3.9370078740157" />
    <line layer="TOP_SILKSCREEN" originx="-289.96062992126" originy="427.5590551181" endx="289.96062992126" endy="427.5590551181" width="3.9370078740157" />
    <line layer="TOP_SILKSCREEN" originx="289.96062992126" originy="427.5590551181" endx="289.96062992126" endy="427.5590551181" width="3.9370078740157" />
    <line layer="TOP_SILKSCREEN" originx="-289.96062992126" originy="427.5590551181" endx="-289.96062992126" endy="427.5590551181" width="3.9370078740157" />
    <line layer="TOP_SILKSCREEN" originx="-289.96062992126" originy="427.5590551181" endx="-289.96062992126" endy="127.95275590551" width="3.9370078740157" />
    <line layer="TOP_SILKSCREEN" originx="-289.96062992126" originy="127.95275590551" endx="-289.96062992126" endy="127.95275590551" width="3.9370078740157" />
    <line layer="TOP_SILKSCREEN" originx="-289.96062992126" originy="127.95275590551" endx="-289.96062992126" endy="427.5590551181" width="3.9370078740157" />
    <line layer="TOP_SILKSCREEN" originx="-289.96062992126" originy="-314.96062992126" endx="-289.96062992126" endy="-314.96062992126" width="3.9370078740157" />
    <line layer="TOP_SILKSCREEN" originx="-289.96062992126" originy="-314.96062992126" endx="-289.96062992126" endy="-427.5590551181" width="3.9370078740157" />
    <line layer="TOP_SILKSCREEN" originx="-289.96062992126" originy="-427.5590551181" endx="-289.96062992126" endy="-427.5590551181" width="3.9370078740157" />
    <line layer="TOP_SILKSCREEN" originx="-289.96062992126" originy="-427.5590551181" endx="-289.96062992126" endy="-314.96062992126" width="3.9370078740157" />
    <line layer="TOP_SILKSCREEN" originx="-187.00787401575" originy="-427.5590551181" endx="-127.95275590551" endy="-427.5590551181" width="3.9370078740157" />
    <line layer="TOP_SILKSCREEN" originx="-127.95275590551" originy="-427.5590551181" endx="-127.95275590551" endy="-427.5590551181" width="3.9370078740157" />
    <line layer="TOP_SILKSCREEN" originx="-127.95275590551" originy="-427.5590551181" endx="-187.00787401575" endy="-427.5590551181" width="3.9370078740157" />
    <line layer="TOP_SILKSCREEN" originx="-187.00787401575" originy="-427.5590551181" endx="-187.00787401575" endy="-427.5590551181" width="3.9370078740157" />
    <line layer="TOP_SILKSCREEN" originx="226.3779527559" originy="-427.5590551181" endx="289.96062992126" endy="-427.5590551181" width="3.9370078740157" />
    <line layer="TOP_SILKSCREEN" originx="289.96062992126" originy="-427.5590551181" endx="289.96062992126" endy="-427.5590551181" width="3.9370078740157" />
    <line layer="TOP_SILKSCREEN" originx="289.96062992126" originy="-427.5590551181" endx="226.3779527559" endy="-427.5590551181" width="3.9370078740157" />
    <line layer="TOP_SILKSCREEN" originx="226.3779527559" originy="-427.5590551181" endx="226.3779527559" endy="-427.5590551181" width="3.9370078740157" />
    <line layer="TOP_SILKSCREEN" originx="289.96062992126" originy="-427.5590551181" endx="289.96062992126" endy="-427.5590551181" width="3.9370078740157" />
    <line layer="TOP_SILKSCREEN" originx="289.96062992126" originy="-427.5590551181" endx="289.96062992126" endy="-354.33070866141" width="3.9370078740157" />
    <line layer="TOP_SILKSCREEN" originx="289.96062992126" originy="-354.33070866141" endx="289.96062992126" endy="-354.33070866141" width="3.9370078740157" />
    <line layer="TOP_SILKSCREEN" originx="289.96062992126" originy="-354.33070866141" endx="289.96062992126" endy="-427.5590551181" width="3.9370078740157" />
    <line layer="TOP_SILKSCREEN" originx="289.96062992126" originy="-167.32283464567" endx="289.96062992126" endy="-167.32283464567" width="3.9370078740157" />
    <line layer="TOP_SILKSCREEN" originx="289.96062992126" originy="-167.32283464567" endx="289.96062992126" endy="-82.67716535433" width="3.9370078740157" />
    <line layer="TOP_SILKSCREEN" originx="289.96062992126" originy="-82.67716535433" endx="289.96062992126" endy="-82.67716535433" width="3.9370078740157" />
    <line layer="TOP_SILKSCREEN" originx="289.96062992126" originy="-82.67716535433" endx="289.96062992126" endy="-167.32283464567" width="3.9370078740157" />
    <line layer="TOP_SILKSCREEN" originx="289.96062992126" originy="-9.8425196850392" endx="289.96062992126" endy="-9.8425196850392" width="3.9370078740157" />
    <line layer="TOP_SILKSCREEN" originx="289.96062992126" originy="-9.8425196850392" endx="289.96062992126" endy="9.8425196850392" width="3.9370078740157" />
    <line layer="TOP_SILKSCREEN" originx="289.96062992126" originy="9.8425196850392" endx="289.96062992126" endy="9.8425196850392" width="3.9370078740157" />
    <line layer="TOP_SILKSCREEN" originx="289.96062992126" originy="9.8425196850392" endx="289.96062992126" endy="-9.8425196850392" width="3.9370078740157" />
    <line layer="TOP_SILKSCREEN" originx="289.96062992126" originy="196.85039370078" endx="289.96062992126" endy="196.85039370078" width="3.9370078740157" />
    <line layer="TOP_SILKSCREEN" originx="289.96062992126" originy="196.85039370078" endx="289.96062992126" endy="427.5590551181" width="3.9370078740157" />
    <line layer="TOP_SILKSCREEN" originx="289.96062992126" originy="427.5590551181" endx="289.96062992126" endy="427.5590551181" width="3.9370078740157" />
    <line layer="TOP_SILKSCREEN" originx="289.96062992126" originy="427.5590551181" endx="289.96062992126" endy="196.85039370078" width="3.9370078740157" />
    <line layer="TOP_PLACE_BOUND" originx="-366.73228346456" originy="466.92913385826" endx="425.1968503937" endy="466.92913385826" width="3.9370078740157" />
    <line layer="TOP_PLACE_BOUND" originx="425.1968503937" originy="466.92913385826" endx="425.1968503937" endy="-504.33070866141" width="3.9370078740157" />
    <line layer="TOP_PLACE_BOUND" originx="425.1968503937" originy="-504.33070866141" endx="-366.73228346456" endy="-504.33070866141" width="3.9370078740157" />
    <line layer="TOP_PLACE_BOUND" originx="-366.73228346456" originy="-504.33070866141" endx="-366.73228346456" endy="466.92913385826" width="3.9370078740157" />
    <line layer="TOP_SILKSCREEN" originx="381.88976377952" originy="-314.96062992126" endx="381.88976377952" endy="-314.96062992126" width="7.8740157480314" />
    <arc layer="TOP_SILKSCREEN" originx="383.85826771653" originy="-314.96062992126" startangle="180.0" sweepangle="180.0" radius="1.9685039370079" width="7.8740157480314" />
    <line layer="TOP_SILKSCREEN" originx="385.82677165354" originy="-314.96062992126" endx="385.82677165354" endy="-314.96062992126" width="7.8740157480314" />
    <arc layer="TOP_SILKSCREEN" originx="383.85826771653" originy="-314.96062992126" startangle=".0" sweepangle="180.0" radius="1.9685039370079" width="7.8740157480314" />
    <line layer="TOP_SILKSCREEN" originx="381.88976377952" originy="-314.96062992126" endx="381.88976377952" endy="-314.96062992126" width="7.8740157480314" />
    <arc layer="TOP_SILKSCREEN" originx="383.85826771653" originy="-314.96062992126" startangle="180.0" sweepangle="180.0" radius="1.9685039370079" width="7.8740157480314" />
  </footprint>
  <symbol name="ATWILC1000-MR110PB-T" originx="0" originy="0">
    <line originx="200" originy="100" endx="1900" endy="100" width="0" />
    <line originx="1900" originy="-1500" endx="1900" endy="100" width="0" />
    <line originx="1900" originy="-1500" endx="200" endy="-1500" width="0" />
    <line originx="200" originy="100" endx="200" endy="-1500" width="0" />
    <sympin number="29" originx="200" originy="0" rotation="180" length="100" width="7.8740157480315" flipped="False">
      <text name="pinname" originx="230" originy="0" style="Default" rotation="0" justify="left" flipped="False" hidden="False" data="GND" />
      <text name="pindes" originx="140" originy="20" style="Default" rotation="0" justify="lowerright" flipped="False" hidden="False" data="29" />
    </sympin>
    <sympin number="2" originx="200" originy="-100" rotation="180" length="100" width="7.8740157480315" flipped="False">
      <text name="pinname" originx="230" originy="-100" style="Default" rotation="0" justify="left" flipped="False" hidden="False" data="GPIO_6" />
      <text name="pindes" originx="140" originy="-80" style="Default" rotation="0" justify="lowerright" flipped="False" hidden="False" data="J1" />
    </sympin>
    <sympin number="3" originx="200" originy="-200" rotation="180" length="100" width="7.8740157480315" flipped="False">
      <text name="pinname" originx="230" originy="-200" style="Default" rotation="0" justify="left" flipped="False" hidden="False" data="I2C_SCL" />
      <text name="pindes" originx="140" originy="-180" style="Default" rotation="0" justify="lowerright" flipped="False" hidden="False" data="J2" />
    </sympin>
    <sympin number="4" originx="200" originy="-300" rotation="180" length="100" width="7.8740157480315" flipped="False">
      <text name="pinname" originx="230" originy="-300" style="Default" rotation="0" justify="left" flipped="False" hidden="False" data="I2C_SDA" />
      <text name="pindes" originx="140" originy="-280" style="Default" rotation="0" justify="lowerright" flipped="False" hidden="False" data="J3" />
    </sympin>
    <sympin number="5" originx="200" originy="-400" rotation="180" length="100" width="7.8740157480315" flipped="False">
      <text name="pinname" originx="230" originy="-400" style="Default" rotation="0" justify="left" flipped="False" hidden="False" data="RESET_N" />
      <text name="pindes" originx="140" originy="-380" style="Default" rotation="0" justify="lowerright" flipped="False" hidden="False" data="J4" />
    </sympin>
    <sympin number="6" originx="200" originy="-500" rotation="180" length="100" width="7.8740157480315" flipped="False">
      <text name="pinname" originx="230" originy="-500" style="Default" rotation="0" justify="left" flipped="False" hidden="False" data="NC_1" />
      <text name="pindes" originx="140" originy="-480" style="Default" rotation="0" justify="lowerright" flipped="False" hidden="False" data="J5" />
    </sympin>
    <sympin number="7" originx="200" originy="-600" rotation="180" length="100" width="7.8740157480315" flipped="False">
      <text name="pinname" originx="230" originy="-600" style="Default" rotation="0" justify="left" flipped="False" hidden="False" data="NC_2" />
      <text name="pindes" originx="140" originy="-580" style="Default" rotation="0" justify="lowerright" flipped="False" hidden="False" data="J6" />
    </sympin>
    <sympin number="8" originx="200" originy="-700" rotation="180" length="100" width="7.8740157480315" flipped="False">
      <text name="pinname" originx="230" originy="-700" style="Default" rotation="0" justify="left" flipped="False" hidden="False" data="NC_3" />
      <text name="pindes" originx="140" originy="-680" style="Default" rotation="0" justify="lowerright" flipped="False" hidden="False" data="J7" />
    </sympin>
    <sympin number="9" originx="200" originy="-800" rotation="180" length="100" width="7.8740157480315" flipped="False">
      <text name="pinname" originx="230" originy="-800" style="Default" rotation="0" justify="left" flipped="False" hidden="False" data="NC_4" />
      <text name="pindes" originx="140" originy="-780" style="Default" rotation="0" justify="lowerright" flipped="False" hidden="False" data="J8" />
    </sympin>
    <sympin number="10" originx="200" originy="-900" rotation="180" length="100" width="7.8740157480315" flipped="False">
      <text name="pinname" originx="230" originy="-900" style="Default" rotation="0" justify="left" flipped="False" hidden="False" data="GND_1" />
      <text name="pindes" originx="140" originy="-880" style="Default" rotation="0" justify="lowerright" flipped="False" hidden="False" data="J9" />
    </sympin>
    <sympin number="11" originx="200" originy="-1000" rotation="180" length="100" width="7.8740157480315" flipped="False">
      <text name="pinname" originx="230" originy="-1000" style="Default" rotation="0" justify="left" flipped="False" hidden="False" data="SDIO_SPI_CFG" />
      <text name="pindes" originx="140" originy="-980" style="Default" rotation="0" justify="lowerright" flipped="False" hidden="False" data="J10" />
    </sympin>
    <sympin number="12" originx="200" originy="-1100" rotation="180" length="100" width="7.8740157480315" flipped="False">
      <text name="pinname" originx="230" originy="-1100" style="Default" rotation="0" justify="left" flipped="False" hidden="False" data="WAKE" />
      <text name="pindes" originx="140" originy="-1080" style="Default" rotation="0" justify="lowerright" flipped="False" hidden="False" data="J11" />
    </sympin>
    <sympin number="13" originx="200" originy="-1200" rotation="180" length="100" width="7.8740157480315" flipped="False">
      <text name="pinname" originx="230" originy="-1200" style="Default" rotation="0" justify="left" flipped="False" hidden="False" data="GND_2" />
      <text name="pindes" originx="140" originy="-1180" style="Default" rotation="0" justify="lowerright" flipped="False" hidden="False" data="J12" />
    </sympin>
    <sympin number="14" originx="200" originy="-1300" rotation="180" length="100" width="7.8740157480315" flipped="False">
      <text name="pinname" originx="230" originy="-1300" style="Default" rotation="0" justify="left" flipped="False" hidden="False" data="IRQN" />
      <text name="pindes" originx="140" originy="-1280" style="Default" rotation="0" justify="lowerright" flipped="False" hidden="False" data="J13" />
    </sympin>
    <sympin number="15" originx="200" originy="-1400" rotation="180" length="100" width="7.8740157480315" flipped="False">
      <text name="pinname" originx="230" originy="-1400" style="Default" rotation="0" justify="left" flipped="False" hidden="False" data="SD_DAT3" />
      <text name="pindes" originx="140" originy="-1380" style="Default" rotation="0" justify="lowerright" flipped="False" hidden="False" data="J14" />
    </sympin>
    <sympin number="16" originx="1900" originy="0" rotation="0" length="100" width="7.8740157480315" flipped="False">
      <text name="pinname" originx="1870" originy="0" style="Default" rotation="0" justify="right" flipped="False" hidden="False" data="SD_DAT2/_SPI_RXD" />
      <text name="pindes" originx="1960" originy="20" style="Default" rotation="0" justify="lowerleft" flipped="False" hidden="False" data="J15" />
    </sympin>
    <sympin number="17" originx="1900" originy="-100" rotation="0" length="100" width="7.8740157480315" flipped="False">
      <text name="pinname" originx="1870" originy="-100" style="Default" rotation="0" justify="right" flipped="False" hidden="False" data="SD_DAT1/_SPI_SSN" />
      <text name="pindes" originx="1960" originy="-80" style="Default" rotation="0" justify="lowerleft" flipped="False" hidden="False" data="J16" />
    </sympin>
    <sympin number="18" originx="1900" originy="-200" rotation="0" length="100" width="7.8740157480315" flipped="False">
      <text name="pinname" originx="1870" originy="-200" style="Default" rotation="0" justify="right" flipped="False" hidden="False" data="SD_DAT0/_SPI_TXD" />
      <text name="pindes" originx="1960" originy="-180" style="Default" rotation="0" justify="lowerleft" flipped="False" hidden="False" data="J17" />
    </sympin>
    <sympin number="19" originx="1900" originy="-300" rotation="0" length="100" width="7.8740157480315" flipped="False">
      <text name="pinname" originx="1870" originy="-300" style="Default" rotation="0" justify="right" flipped="False" hidden="False" data="SD_CMD/_SPI_CLK" />
      <text name="pindes" originx="1960" originy="-280" style="Default" rotation="0" justify="lowerleft" flipped="False" hidden="False" data="J18" />
    </sympin>
    <sympin number="20" originx="1900" originy="-400" rotation="0" length="100" width="7.8740157480315" flipped="False">
      <text name="pinname" originx="1870" originy="-400" style="Default" rotation="0" justify="right" flipped="False" hidden="False" data="SD_CLK" />
      <text name="pindes" originx="1960" originy="-380" style="Default" rotation="0" justify="lowerleft" flipped="False" hidden="False" data="J19" />
    </sympin>
    <sympin number="21" originx="1900" originy="-500" rotation="0" length="100" width="7.8740157480315" flipped="False">
      <text name="pinname" originx="1870" originy="-500" style="Default" rotation="0" justify="right" flipped="False" hidden="False" data="VBATT" />
      <text name="pindes" originx="1960" originy="-480" style="Default" rotation="0" justify="lowerleft" flipped="False" hidden="False" data="J20" />
    </sympin>
    <sympin number="22" originx="1900" originy="-600" rotation="0" length="100" width="7.8740157480315" flipped="False">
      <text name="pinname" originx="1870" originy="-600" style="Default" rotation="0" justify="right" flipped="False" hidden="False" data="GPIO_1" />
      <text name="pindes" originx="1960" originy="-580" style="Default" rotation="0" justify="lowerleft" flipped="False" hidden="False" data="J21" />
    </sympin>
    <sympin number="23" originx="1900" originy="-700" rotation="0" length="100" width="7.8740157480315" flipped="False">
      <text name="pinname" originx="1870" originy="-700" style="Default" rotation="0" justify="right" flipped="False" hidden="False" data="CHIP_EN" />
      <text name="pindes" originx="1960" originy="-680" style="Default" rotation="0" justify="lowerleft" flipped="False" hidden="False" data="J22" />
    </sympin>
    <sympin number="24" originx="1900" originy="-800" rotation="0" length="100" width="7.8740157480315" flipped="False">
      <text name="pinname" originx="1870" originy="-800" style="Default" rotation="0" justify="right" flipped="False" hidden="False" data="VDDIO" />
      <text name="pindes" originx="1960" originy="-780" style="Default" rotation="0" justify="lowerleft" flipped="False" hidden="False" data="J23" />
    </sympin>
    <sympin number="25" originx="1900" originy="-900" rotation="0" length="100" width="7.8740157480315" flipped="False">
      <text name="pinname" originx="1870" originy="-900" style="Default" rotation="0" justify="right" flipped="False" hidden="False" data="1P3V_TP" />
      <text name="pindes" originx="1960" originy="-880" style="Default" rotation="0" justify="lowerleft" flipped="False" hidden="False" data="J24" />
    </sympin>
    <sympin number="26" originx="1900" originy="-1000" rotation="0" length="100" width="7.8740157480315" flipped="False">
      <text name="pinname" originx="1870" originy="-1000" style="Default" rotation="0" justify="right" flipped="False" hidden="False" data="GPIO_3" />
      <text name="pindes" originx="1960" originy="-980" style="Default" rotation="0" justify="lowerleft" flipped="False" hidden="False" data="J25" />
    </sympin>
    <sympin number="27" originx="1900" originy="-1100" rotation="0" length="100" width="7.8740157480315" flipped="False">
      <text name="pinname" originx="1870" originy="-1100" style="Default" rotation="0" justify="right" flipped="False" hidden="False" data="GPIO_4" />
      <text name="pindes" originx="1960" originy="-1080" style="Default" rotation="0" justify="lowerleft" flipped="False" hidden="False" data="J26" />
    </sympin>
    <sympin number="28" originx="1900" originy="-1200" rotation="0" length="100" width="7.8740157480315" flipped="False">
      <text name="pinname" originx="1870" originy="-1200" style="Default" rotation="0" justify="right" flipped="False" hidden="False" data="GPIO_5" />
      <text name="pindes" originx="1960" originy="-1180" style="Default" rotation="0" justify="lowerleft" flipped="False" hidden="False" data="J27" />
    </sympin>
    <sympin number="29" originx="1900" originy="-1300" rotation="0" length="100" width="7.8740157480315" flipped="False">
      <text name="pinname" originx="1870" originy="-1300" style="Default" rotation="0" justify="right" flipped="False" hidden="False" data="GND_3" />
      <text name="pindes" originx="1960" originy="-1280" style="Default" rotation="0" justify="lowerleft" flipped="False" hidden="False" data="J28" />
    </sympin>
  </symbol>
  <component name="ATWILC1000-MR110PB-T" designatorprefix="IC" height="83.188976377952" footprint="ATWILC1000MR110PBT">
    <comppin designator="29" sympin="29" pinswap="0" gateswap="0" gate="1" group="1" side="" type="Any" name="GND" />
    <comppin designator="J1" sympin="2" pinswap="0" gateswap="0" gate="1" group="1" side="" type="Any" name="GPIO_6" />
    <comppin designator="J2" sympin="3" pinswap="0" gateswap="0" gate="1" group="1" side="" type="Any" name="I2C_SCL" />
    <comppin designator="J3" sympin="4" pinswap="0" gateswap="0" gate="1" group="1" side="" type="Any" name="I2C_SDA" />
    <comppin designator="J4" sympin="5" pinswap="0" gateswap="0" gate="1" group="1" side="" type="Any" name="RESET_N" />
    <comppin designator="J5" sympin="6" pinswap="0" gateswap="0" gate="1" group="1" side="" type="Any" name="NC_1" />
    <comppin designator="J6" sympin="7" pinswap="0" gateswap="0" gate="1" group="1" side="" type="Any" name="NC_2" />
    <comppin designator="J7" sympin="8" pinswap="0" gateswap="0" gate="1" group="1" side="" type="Any" name="NC_3" />
    <comppin designator="J8" sympin="9" pinswap="0" gateswap="0" gate="1" group="1" side="" type="Any" name="NC_4" />
    <comppin designator="J9" sympin="10" pinswap="0" gateswap="0" gate="1" group="1" side="" type="Any" name="GND_1" />
    <comppin designator="J10" sympin="11" pinswap="0" gateswap="0" gate="1" group="1" side="" type="Any" name="SDIO_SPI_CFG" />
    <comppin designator="J11" sympin="12" pinswap="0" gateswap="0" gate="1" group="1" side="" type="Any" name="WAKE" />
    <comppin designator="J12" sympin="13" pinswap="0" gateswap="0" gate="1" group="1" side="" type="Any" name="GND_2" />
    <comppin designator="J13" sympin="14" pinswap="0" gateswap="0" gate="1" group="1" side="" type="Any" name="IRQN" />
    <comppin designator="J14" sympin="15" pinswap="0" gateswap="0" gate="1" group="1" side="" type="Any" name="SD_DAT3" />
    <comppin designator="J15" sympin="16" pinswap="0" gateswap="0" gate="1" group="1" side="" type="Any" name="SD_DAT2/_SPI_RXD" />
    <comppin designator="J16" sympin="17" pinswap="0" gateswap="0" gate="1" group="1" side="" type="Any" name="SD_DAT1/_SPI_SSN" />
    <comppin designator="J17" sympin="18" pinswap="0" gateswap="0" gate="1" group="1" side="" type="Any" name="SD_DAT0/_SPI_TXD" />
    <comppin designator="J18" sympin="19" pinswap="0" gateswap="0" gate="1" group="1" side="" type="Any" name="SD_CMD/_SPI_CLK" />
    <comppin designator="J19" sympin="20" pinswap="0" gateswap="0" gate="1" group="1" side="" type="Any" name="SD_CLK" />
    <comppin designator="J20" sympin="21" pinswap="0" gateswap="0" gate="1" group="1" side="" type="Any" name="VBATT" />
    <comppin designator="J21" sympin="22" pinswap="0" gateswap="0" gate="1" group="1" side="" type="Any" name="GPIO_1" />
    <comppin designator="J22" sympin="23" pinswap="0" gateswap="0" gate="1" group="1" side="" type="Any" name="CHIP_EN" />
    <comppin designator="J23" sympin="24" pinswap="0" gateswap="0" gate="1" group="1" side="" type="Any" name="VDDIO" />
    <comppin designator="J24" sympin="25" pinswap="0" gateswap="0" gate="1" group="1" side="" type="Any" name="1P3V_TP" />
    <comppin designator="J25" sympin="26" pinswap="0" gateswap="0" gate="1" group="1" side="" type="Any" name="GPIO_3" />
    <comppin designator="J26" sympin="27" pinswap="0" gateswap="0" gate="1" group="1" side="" type="Any" name="GPIO_4" />
    <comppin designator="J27" sympin="28" pinswap="0" gateswap="0" gate="1" group="1" side="" type="Any" name="GPIO_5" />
    <comppin designator="J28" sympin="29" pinswap="0" gateswap="0" gate="1" group="1" side="" type="Any" name="GND_3" />
    <attached_symbol gate="1" name="ATWILC1000-MR110PB-T" />
    <pinmap designator="29" footprintpin="1" />
    <pinmap designator="J1" footprintpin="2" />
    <pinmap designator="J2" footprintpin="3" />
    <pinmap designator="J3" footprintpin="4" />
    <pinmap designator="J4" footprintpin="5" />
    <pinmap designator="J5" footprintpin="6" />
    <pinmap designator="J6" footprintpin="7" />
    <pinmap designator="J7" footprintpin="8" />
    <pinmap designator="J8" footprintpin="9" />
    <pinmap designator="J9" footprintpin="10" />
    <pinmap designator="J10" footprintpin="11" />
    <pinmap designator="J11" footprintpin="12" />
    <pinmap designator="J12" footprintpin="13" />
    <pinmap designator="J13" footprintpin="14" />
    <pinmap designator="J14" footprintpin="15" />
    <pinmap designator="J15" footprintpin="16" />
    <pinmap designator="J16" footprintpin="17" />
    <pinmap designator="J17" footprintpin="18" />
    <pinmap designator="J18" footprintpin="19" />
    <pinmap designator="J19" footprintpin="20" />
    <pinmap designator="J20" footprintpin="21" />
    <pinmap designator="J21" footprintpin="22" />
    <pinmap designator="J22" footprintpin="23" />
    <pinmap designator="J23" footprintpin="24" />
    <pinmap designator="J24" footprintpin="25" />
    <pinmap designator="J25" footprintpin="26" />
    <pinmap designator="J26" footprintpin="27" />
    <pinmap designator="J27" footprintpin="28" />
    <pinmap designator="J28" footprintpin="29" />
    <text name="Datasheet" originx="0" originy="0" style="Default" rotation="0" justify="" flipped="False" hidden="True" data="http://www.microchip.com/mymicrochip/filehandler.aspx?ddocname=en590484" />
    <text name="Description" originx="0" originy="0" style="Default" rotation="0" justify="" flipped="False" hidden="True" data="Module 802.11b/g/n 2.484GHz 72200Kbps 28-Pin T/R" />
    <text name="Manufacturer_Name" originx="0" originy="0" style="Default" rotation="0" justify="" flipped="False" hidden="True" data="Microchip" />
    <text name="Manufacturer_Part_Number" originx="1950" originy="200" style="Default" rotation="0" justify="left" flipped="False" hidden="False" data="ATWILC1000-MR110PB-T" />
    <text name="Mouser Part Number" originx="0" originy="0" style="Default" rotation="0" justify="" flipped="False" hidden="True" data="579-WILC1000MR110PBT" />
    <text name="Mouser Price/Stock" originx="0" originy="0" style="Default" rotation="0" justify="" flipped="False" hidden="True" data="https://www.mouser.co.uk/ProductDetail/Microchip-Technology/ATWILC1000-MR110PB-T?qs=f9yNj16SXrIeZcIRzaSE1w%3D%3D" />
    <text name="Arrow Part Number" originx="0" originy="0" style="Default" rotation="0" justify="" flipped="False" hidden="True" data="ATWILC1000-MR110PB-T" />
    <text name="Arrow Price/Stock" originx="0" originy="0" style="Default" rotation="0" justify="" flipped="False" hidden="True" data="https://www.arrow.com/en/products/atwilc1000-mr110pb-t/microchip-technology?region=nac" />
  </component>
</quadcept_library>
