﻿Designator,Footprint,Quantity,Value,LCSC Part #
C1,0805,1,10u,
C2,0805,1,0.1u,
IC1,ATWILC1000MR110PBT,1,ATWILC1000-MR110PB-T,
J1,PinHeader_1x04_P2.54mm_Vertical,1,3V3_Conn_01x04,
J2,PinHeader_1x04_P2.54mm_Vertical,1,VBAT_Conn_01x04,
J3,PinHeader_1x04_P2.54mm_Vertical,1,I2C_CEN_Conn_01x04,
J4,PinHeader_1x03_P2.54mm_Vertical,1,Misc_Conn_01x03,
J5,PinHeader_1x02_P2.54mm_Vertical,1,VBAT_3V3_Jump_Conn_01x02,
J6,PinHeader_1x05_P2.54mm_Vertical,1,UART_Conn_01x05,
J7,PinHeader_2x05_P2.54mm_Vertical,1,SPI_Conn_02x05,
R1,0805,1,1M,
"TP1, TP4",TestPoint_THTPad_1.5x1.5mm_Drill0.7mm,2,3.3V,
"TP2, TP5",TestPoint_THTPad_1.5x1.5mm_Drill0.7mm,2,GND,
TP3,TestPoint_THTPad_1.5x1.5mm_Drill0.7mm,1,VBAT,
TP7,TestPoint_THTPad_1.5x1.5mm_Drill0.7mm,1,1P3V,
